{
  "accuracy": 0.6946236559139785,
  "macro_f1": 0.6970262261690277,
  "macro_precision": 0.706813154298859,
  "macro_recall": 0.6946236559139786,
  "neg_f1": 0.757236588189888,
  "neg_precision": 0.7261287934863064,
  "neg_recall": 0.7911290322580645,
  "neu_f1": 0.5896353166986564,
  "neu_precision": 0.5626373626373626,
  "neu_recall": 0.6193548387096774,
  "pos_f1": 0.7442067736185384,
  "pos_precision": 0.8316733067729084,
  "pos_recall": 0.6733870967741935,
  "confusion_matrix": [
    [
      981,
      240,
      19
    ],
    [
      322,
      768,
      150
    ],
    [
      48,
      357,
      835
    ]
  ],
  "loss": 0.7608673330796123
}