{
  "accuracy": 0.7204301075268817,
  "macro_f1": 0.7188589667358737,
  "macro_precision": 0.7180931597131827,
  "macro_recall": 0.7204301075268816,
  "neg_f1": 0.7724784988272088,
  "neg_precision": 0.7496206373292867,
  "neg_recall": 0.7967741935483871,
  "neu_f1": 0.5986733001658375,
  "neu_precision": 0.6160409556313993,
  "neu_recall": 0.582258064516129,
  "pos_f1": 0.7854251012145749,
  "pos_precision": 0.7886178861788617,
  "pos_recall": 0.782258064516129,
  "confusion_matrix": [
    [
      494,
      109,
      17
    ],
    [
      146,
      361,
      113
    ],
    [
      19,
      116,
      485
    ]
  ],
  "loss": 0.6402505721546646
}