{
  "accuracy": 0.6811827956989247,
  "macro_f1": 0.6748885817992133,
  "macro_precision": 0.6756115341296368,
  "macro_recall": 0.6811827956989248,
  "neg_f1": 0.7394833948339483,
  "neg_precision": 0.6816326530612244,
  "neg_recall": 0.8080645161290323,
  "neu_f1": 0.5279007971656333,
  "neu_precision": 0.5854616895874263,
  "neu_recall": 0.4806451612903226,
  "pos_f1": 0.7572815533980582,
  "pos_precision": 0.7597402597402597,
  "pos_recall": 0.7548387096774194,
  "confusion_matrix": [
    [
      501,
      94,
      25
    ],
    [
      199,
      298,
      123
    ],
    [
      35,
      117,
      468
    ]
  ],
  "loss": 0.8491580101669344
}